
# La poblacion de las tablas se logro con informacion generada por "www.generatedata.com".
# Poblando la tabla de departamentos 

INSERT INTO `departamentos` (`codDepto`,`nombreDpto`,`ciudad`) VALUES (1,"Accounting","Port Hope"),(2,"Adversiting","Gaggio Montano"),(3,"Asset Management","Aix-en-Provence"),(4,"Costumer Relations","Fayetteville"),(5,"Costumer Service","Paisley"),(6,"Finances","Tomé"),(7,"Human Resources","Karachev"),(8,"Legal Department","Sadiqabad"),(9,"Media Relations","Wortel"),(10,"Payroll","Rzeszów");
INSERT INTO `departamentos` (`codDepto`,`nombreDpto`,`ciudad`) VALUES (11,"Public Relations","Renfrew"),(12,"Quality Assurance","Acireale"),(13,"Sales and Marketing","Kitchener"),(14,"Research and Development","Chungju"),(15,"Tech Support","Taupo");

# Poblando la tabla de jefes

INSERT INTO `jefes` (`jefeID`,`nombreJF`,`apellidoJF`) VALUES (1,"Tyrone","Franco"),(2,"Julian","Shannon"),(3,"Rose","Bond"),(4,"Kato","Romero"),(5,"Hedley","Faulkner"),(6,"Mollie","Rice"),(7,"Aquila","Sheppard"),(8,"Oliver","Brennan"),(9,"Andrew","Beasley"),(10,"Levi","Leach");

# Poblando la tabla de empleados 


INSERT INTO `empleados` (`nDIEmp`,`nomEMP`,`sexEMP`,`fecNac`,`fecIncorporacion`,`salEMP`,`comisionE`,`cargoE`,`jefeID`,`codDepto`) VALUES (1,"Hilary Dawson","F","1971-04-08","2011-12-19","36814.95","9502.17","Pasante",6,14),(2,"Blaine Bowen","F","70-04-28","16-01-23","201373.29","9049.87","Vendedor",4,2),(3,"Lucius Estes","M","1992-01-27","2014-10-07","23953.61","8128.24","Vendedor",9,1),(4,"Talon Barr","M","68-05-25","02-05-27","26871.55","8855.00","Gerente",1,11),(5,"Pandora Landry","M","1990-05-04","2016-09-15","230673.08","8694.61","Gerente",8,7),(6,"Juliet Campos","F","65-01-26","10-09-09","229186.39","7762.06","SSr",6,2),(7,"Gwendolyn Mccoy","M","1976-04-14","2019-01-16","146005.86","5112.89","Gerente",6,10),(8,"Darius Jensen","F","97-11-16","07-12-21","164213.58","2555.68","Jr",10,2),(9,"Hector Hicks","F","1970-12-03","2004-11-07","147607.02","1421.91","Pasante",5,12),(10,"Adam Donaldson","M","81-04-21","13-08-06","222036.89","1244.94","Sr",9,5);
INSERT INTO `empleados` (`nDIEmp`,`nomEMP`,`sexEMP`,`fecNac`,`fecIncorporacion`,`salEMP`,`comisionE`,`cargoE`,`jefeID`,`codDepto`) VALUES (11,"Henry Bartlett","F","1976-05-19","2016-10-16","242647.15","3272.88","Sr",3,1),(12,"Linda Garza","F","93-01-27","06-10-10","72166.27","3302.66","SSr",5,14),(13,"Cain Jennings","F","1999-11-15","2007-08-11","32105.61","254.52","SSr",4,15),(14,"Zoe Solomon","F","81-12-04","03-04-09","21906.16","8694.94","Jr",1,8),(15,"Brennan Carson","M","1999-05-31","2007-05-22","232205.05","3928.18","SSr",2,14),(16,"Travis Hale","M","62-11-21","02-11-11","248042.08","1878.62","Pasante",4,4),(17,"Vladimir Ortiz","F","1981-07-08","2014-09-07","168914.90","1175.38","Gerente",10,7),(18,"Igor Bean","F","64-02-13","09-09-30","78120.14","1303.15","SSr",2,2),(19,"Dante Stanley","F","1990-12-18","2002-02-22","110197.74","6701.16","Vendedor",2,7),(20,"Adena Willis","M","62-01-02","19-06-24","248478.84","8200.39","Gerente",9,12);
INSERT INTO `empleados` (`nDIEmp`,`nomEMP`,`sexEMP`,`fecNac`,`fecIncorporacion`,`salEMP`,`comisionE`,`cargoE`,`jefeID`,`codDepto`) VALUES (21,"MacKenzie Henry","M","1994-05-23","2006-05-23","139979.15","1537.92","Sr",4,3),(22,"Veda Savage","M","97-09-06","15-08-23","228251.79","2080.30","Sr",5,2),(23,"Abraham Spence","F","1988-11-06","2008-06-18","95036.91","7778.46","Vendedor",6,15),(24,"Addison Day","F","89-12-15","06-02-26","226645.81","1039.23","Gerente",9,14),(25,"Zia Zimmerman","M","1991-12-11","2004-09-29","228057.53","74.01","Gerente",1,4),(26,"Francesca Knox","M","77-03-24","20-04-13","148212.98","9587.93","Sr",1,13),(27,"Ulric Barber","F","1975-01-20","2016-01-18","170642.90","2754.76","Jr",2,10),(28,"Tad Boyle","F","76-07-20","18-07-04","131493.24","45.32","Jr",6,12),(29,"Maya Jefferson","M","1977-09-13","2019-05-10","51772.41","4076.00","SSr",2,9),(30,"Uriah Sampson","M","84-08-09","09-05-16","149763.62","4928.04","Sr",1,13);
INSERT INTO `empleados` (`nDIEmp`,`nomEMP`,`sexEMP`,`fecNac`,`fecIncorporacion`,`salEMP`,`comisionE`,`cargoE`,`jefeID`,`codDepto`) VALUES (31,"Rina Patel","F","1977-01-01","2015-02-07","102269.55","8131.75","Pasante",6,11),(32,"Melissa Koch","F","69-03-13","19-10-19","54864.45","5081.08","Gerente",8,1),(33,"Hasad Robertson","M","1962-07-06","2007-04-19","73454.89","1452.57","Gerente",1,2),(34,"Oprah Tran","F","98-11-18","06-05-31","33652.15","7197.72","Gerente",5,3),(35,"Chancellor Mcmahon","F","1998-05-10","2014-10-10","147911.43","8944.72","Sr",6,7),(36,"Katelyn Frazier","F","75-12-10","03-01-06","40364.90","4543.21","Gerente",5,11),(37,"Nicole Mcfarland","M","1971-09-15","2017-09-04","171884.92","2853.93","Sr",3,10),(38,"Alexandra Craft","M","86-04-30","00-08-24","91739.17","349.25","Pasante",8,14),(39,"Blake Clark","F","1964-12-03","2008-01-18","45849.51","5383.02","SSr",7,15),(40,"Blake Snyder","F","61-08-02","05-06-10","93537.06","5182.57","Pasante",10,13);
INSERT INTO `empleados` (`nDIEmp`,`nomEMP`,`sexEMP`,`fecNac`,`fecIncorporacion`,`salEMP`,`comisionE`,`cargoE`,`jefeID`,`codDepto`) VALUES (41,"Jonah Pollard","F","1976-01-13","2016-01-02","127414.90","9121.34","Vendedor",1,13),(42,"Colorado Mcneil","M","75-01-11","07-09-10","223497.75","2919.28","Vendedor",5,5),(43,"Brooke Navarro","M","1970-06-03","2013-12-28","81171.11","2705.94","SSr",1,13),(44,"Rigel Silva","F","64-05-09","08-11-24","176098.04","5004.45","Gerente",2,14),(45,"Tana Bradford","M","1971-02-10","2000-09-23","72419.81","106.14","Gerente",1,13),(46,"Ray Powers","F","79-08-31","14-07-17","41137.08","1181.22","Jr",7,5),(47,"Xavier Neal","F","1994-02-05","2001-03-15","87682.81","5574.28","Pasante",4,13),(48,"Reuben Kemp","F","99-10-06","09-06-05","232789.37","1682.67","Jr",8,12),(49,"Odessa Huffman","F","1965-03-11","2005-12-27","242839.77","669.21","Vendedor",5,10),(50,"Ryan Poole","M","78-09-21","13-01-17","20549.03","3035.50","Pasante",2,8);




